{"client_meta":{"background_color":{"r":0.4625000059604645,"g":0.4625000059604645,"b":0.4625000059604645,"a":1},"thumbnail_size":{"width":400,"height":150},"render_coordinates":{"x":-2355,"y":-1187,"width":6327,"height":2373}},"file_name":"Assets [ENVATO] -  Era Shop","developer_related_links":[]}